insert into service (idservice,nom) values
	(1,"Administration"),
	(2,"Médiation culturelle"),
	(3,"Prêt");

insert into personnel (idpersonnel,nom,prenom,tel,mail,service) values
	(1,"Le","Hop","0353115584","vitae.sodales@protonmail.ca",2),
	(2,"Durham","Molly","0658462374","sit.amet@outlook.org",1),
	(3,"Lawrence","Eaton","0905573498","pellentesque.tellus@google.edu",3),
	(4,"Rowland","Lester","0572718545","ac.ipsum@icloud.org",3),
	(5,"Harris","Erich","0351989337","purus.maecenas@icloud.com",2),
	(6,"Spencer","Althea","0566877122","dapibus.quam.quis@protonmail.net",1),
	(7,"Lloyd","Kane","0511113662","augue@icloud.org",3),
	(8,"Mccoy","Philip","0331198674","morbi.non.sapien@hotmail.com",1),
	(9,"Cooper","Emery","0178311221","ipsum.ac@outlook.ca",1),
	(10,"Craig","Jennifer","0958856713","elit.elit@protonmail.com",3);

insert into motif (idmotif,libelle) values
	(1,"Vacances"),
	(2,"Maladie"),
	(3,"Motif familial"),
	(4,"Congé parental");
	
insert into absence (datedebut,datefin,personnel,motif) values
	("2022-05-26","2023-02-23",4,3),
	("2021-06-07","2023-01-25",8,2),
	("2021-10-08","2023-05-12",9,2),
	("2021-07-25","2022-08-12",9,2),
	("2022-02-09","2023-02-28",8,2),
	("2022-03-06","2022-06-29",2,2),
	("2021-06-21","2023-01-16",3,2),
	("2021-10-03","2023-04-13",9,2),
	("2022-01-22","2022-08-15",6,2),
	("2021-09-23","2022-11-03",5,2),
	("2022-02-28","2022-10-01",7,3),
	("2022-04-08","2023-02-12",1,2),
	("2022-05-14","2023-02-01",3,1),
	("2022-02-04","2023-05-21",3,3),
	("2022-04-09","2022-09-09",5,1),
	("2021-08-24","2023-05-19",5,4),
	("2021-12-15","2022-10-13",8,1),
	("2021-08-19","2022-12-30",5,2),
	("2021-07-06","2022-12-11",6,3),
	("2021-10-10","2022-12-05",1,2),
	("2021-11-24","2022-09-23",8,3),
	("2021-08-26","2023-03-24",4,2),
	("2021-07-29","2023-03-09",9,1),
	("2021-06-13","2022-09-04",7,2),
	("2021-12-12","2022-08-16",2,1),
	("2022-03-07","2022-11-16",8,3),
	("2022-02-15","2023-01-10",9,3),
	("2021-09-14","2023-04-27",6,1),
	("2022-04-12","2023-02-25",7,3),
	("2021-10-30","2023-05-16",10,2),
	("2021-06-15","2022-08-16",4,4),
	("2021-08-09","2022-07-20",7,4),
	("2022-04-26","2022-07-18",1,3),
	("2021-07-12","2023-05-19",7,3),
	("2022-05-12","2023-04-05",2,2),
	("2022-01-02","2022-09-16",4,2),
	("2021-10-28","2023-01-30",5,3),
	("2021-08-21","2022-08-28",10,1),
	("2021-06-02","2023-03-07",2,1),
	("2021-12-24","2023-05-19",3,2),
	("2021-10-21","2022-11-19",4,3),
	("2021-08-06","2023-02-01",3,1),
	("2021-09-10","2023-01-31",8,2),
	("2021-11-07","2022-06-27",7,3),
	("2021-09-29","2022-09-09",3,3),
	("2021-10-14","2023-02-27",6,3),
	("2021-12-06","2022-10-29",2,2),
	("2021-06-18","2023-04-15",2,4),
	("2021-11-17","2022-11-01",5,4),
	("2021-12-23","2023-02-04",5,4);

insert into responsable (login,motdepasse) values
	("resp",sha2("toto",256));
